insert  into  perms ( permId , `mod` , `act` , `obj` ) values (1,'*','*','*'),(2,'Overview','view','*'),(3,'Overview','getOverviewRotations','*'),(4,'Overview','getOverviewProperties','*'),(5,'Overview','getOverviewMaps','*'),(6,'Overview','getOverviewAutomaps','*'),(7,'General','*','*'),(8,'Map','view','demo'),(9,'Map','getMapProperties','demo'),(10,'Map','getMapObjects','demo'),(11,'Map','getObjectStates','demo'),(12,'Map','edit','demo'),(13,'Map','delete','demo'),(14,'Map','doEdit','demo'),(15,'Map','doDelete','demo'),(16,'Map','doRename','demo'),(17,'Map','modifyObject','demo'),(18,'Map','createObject','demo'),(19,'Map','deleteObject','demo'),(20,'Map','addModify','demo'),(21,'Map','view','demo2'),(22,'Map','getMapProperties','demo2'),(23,'Map','getMapObjects','demo2'),(24,'Map','getObjectStates','demo2'),(25,'Map','edit','demo2'),(26,'Map','delete','demo2'),(27,'Map','doEdit','demo2'),(28,'Map','doDelete','demo2'),(29,'Map','doRename','demo2'),(30,'Map','modifyObject','demo2'),(31,'Map','createObject','demo2'),(32,'Map','deleteObject','demo2'),(33,'Map','addModify','demo2'),(34,'Map','view','demo-map'),(35,'Map','getMapProperties','demo-map'),(36,'Map','getMapObjects','demo-map'),(37,'Map','getObjectStates','demo-map'),(38,'Map','edit','demo-map'),(39,'Map','delete','demo-map'),(40,'Map','doEdit','demo-map'),(41,'Map','doDelete','demo-map'),(42,'Map','doRename','demo-map'),(43,'Map','modifyObject','demo-map'),(44,'Map','createObject','demo-map'),(45,'Map','deleteObject','demo-map'),(46,'Map','addModify','demo-map'),(47,'Map','view','demo-server'),(48,'Map','getMapProperties','demo-server'),(49,'Map','getMapObjects','demo-server'),(50,'Map','getObjectStates','demo-server'),(51,'Map','edit','demo-server'),(52,'Map','delete','demo-server'),(53,'Map','doEdit','demo-server'),(54,'Map','doDelete','demo-server'),(55,'Map','doRename','demo-server'),(56,'Map','modifyObject','demo-server'),(57,'Map','createObject','demo-server'),(58,'Map','deleteObject','demo-server'),(59,'Map','addModify','demo-server'),(60,'Rotation','view','demo'),(61,'AutoMap','view','__automap'),(62,'AutoMap','getAutomapProperties','__automap'),(63,'AutoMap','getAutomapObjects','__automap'),(64,'AutoMap','getObjectStates','__automap'),(65,'AutoMap','parseAutomap','__automap'),(66,'AutoMap','edit','__automap'),(67,'AutoMap','delete','__automap'),(68,'AutoMap','doEdit','__automap'),(69,'AutoMap','doDelete','__automap'),(70,'AutoMap','doRename','__automap'),(71,'AutoMap','modifyObject','__automap'),(72,'AutoMap','createObject','__automap'),(73,'AutoMap','deleteObject','__automap'),(74,'ChangePassword','view','*'),(75,'ChangePassword','change','*'),(76,'Search','view','*'),(77,'Auth','logout','*'),(78,'Map','view','*'),(79,'Map','getMapProperties','*'),(80,'Map','getMapObjects','*'),(81,'Map','getObjectStates','*'),(82,'Map','edit','*'),(83,'Map','delete','*'),(84,'Map','doEdit','*'),(85,'Map','doDelete','*'),(86,'Map','doRename','*'),(87,'Map','modifyObject','*'),(88,'Map','createObject','*'),(89,'Map','deleteObject','*'),(90,'Map','addModify','*'),(91,'AutoMap','view','*'),(92,'AutoMap','getAutomapProperties','*'),(93,'AutoMap','getAutomapObjects','*'),(94,'AutoMap','getObjectStates','*'),(95,'AutoMap','parseAutomap','*'),(96,'AutoMap','edit','*'),(97,'AutoMap','delete','*'),(98,'AutoMap','doEdit','*'),(99,'AutoMap','doDelete','*'),(100,'AutoMap','doRename','*'),(101,'AutoMap','modifyObject','*'),(102,'AutoMap','createObject','*'),(103,'AutoMap','deleteObject','*'),(104,'Rotation','view','*'),(105,'UserMgmt','manage','*'),(106,'UserMgmt','view','*'),(107,'UserMgmt','getUserRoles','*'),(108,'UserMgmt','getAllRoles','*'),(109,'UserMgmt','doAdd','*'),(110,'UserMgmt','doEdit','*'),(111,'UserMgmt','doDelete','*'),(112,'RoleMgmt','manage','*'),(113,'RoleMgmt','view','*'),(114,'RoleMgmt','getRolePerms','*'),(115,'RoleMgmt','doAdd','*'),(116,'RoleMgmt','doEdit','*'),(117,'RoleMgmt','doDelete','*'),(118,'Map','add','*'),(119,'Map','doAdd','*'),(120,'AutoMap','add','*'),(121,'AutoMap','doAdd','*'),(122,'MainCfg','edit','*'),(123,'MainCfg','doEdit','*');
insert  into  roles ( roleId , name ) values (1,'Administrators'),(2,'Users (read-only)'),(3,'Guests');
insert  into  users ( userId , name , password ) values (1,'nagiosadmin','7f09c620da83db16ef9b69abfb8edd6b849d2d2b'),(2,'guest','7f09c620da83db16ef9b69abfb8edd6b849d2d2b');
insert  into  users2roles ( userId , roleId ) values (1,1),(2,3);
insert  into  roles2perms ( roleId , permId ) values (1,1),(2,2),(2,3),(2,4),(2,5),(2,6),(2,7),(2,76),(2,77),(2,78),(2,79),(2,80),(2,81),(2,91),(2,92),(2,93),(2,94),(2,95),(2,104),(3,2),(3,3),(3,4),(3,5),(3,6),(3,7),(3,60),(3,61),(3,62),(3,63),(3,64),(3,65),(3,74),(3,75),(3,76),(3,77),(3,124),(3,125),(3,126),(3,127);	
insert  into  version ( version ) values ('1.5.3');
